<bpmn2:callActivity id="CallActivity_8f8fa4cd" name="Content Modifier 1">
    <bpmn2:extensionElements>
        <ifl:property>
            <key>activityType</key>
            <value>Enricher</value>
        </ifl:property>
        <ifl:property>
            <key>cmdVariantUri</key>
            <value>ctype::FlowstepVariant/cname::Enricher/version::1.6.1</value>
        </ifl:property>
        <ifl:property>
            <key>componentVersion</key>
            <value>1.6</value>
        </ifl:property>
        <ifl:property>
            <key>bodyType</key>
            <value>constant</value>
        </ifl:property>
        <ifl:property>
            <key>propertyTable</key>
            <value></value>
        </ifl:property>
        <ifl:property>
            <key>headerTable</key>
            <value></value>
        </ifl:property>
        <ifl:property>
            <key>wrapContent</key>
            <value></value>
        </ifl:property>
    </bpmn2:extensionElements>
</bpmn2:callActivity>