<bpmn2:endEvent id="EndEvent_d002e99c" name="End 1">
    <bpmn2:extensionElements>
        <ifl:property>
            <key>activityType</key>
            <value>endEvent</value>
        </ifl:property>
        <ifl:property>
            <key>cmdVariantUri</key>
            <value>ctype::FlowstepVariant/cname::MessageEndEvent/version::1.1.0</value>
        </ifl:property>
        <ifl:property>
            <key>componentVersion</key>
            <value>1.1</value>
        </ifl:property>
    </bpmn2:extensionElements>
    <bpmn2:messageEventDefinition/>
</bpmn2:endEvent>