<bpmn2:messageFlow id="MessageFlow_90319" name="HTTP" sourceRef="ServiceTask_214d45b5" targetRef="Participant_16748">
    <bpmn2:extensionElements>
        <ifl:property>
            <key>Description</key>
            <value/>
        </ifl:property>
        <ifl:property>
            <key>methodSourceExpression</key>
            <value/>
        </ifl:property>
        <ifl:property>
            <key>apiArtifactType</key>
            <value/>
        </ifl:property>
        <ifl:property>
            <key>providerAuth</key>
            <value/>
        </ifl:property>
        <ifl:property>
            <key>ComponentNS</key>
            <value>sap</value>
        </ifl:property>
        <ifl:property>
            <key>privateKeyAlias</key>
            <value/>
        </ifl:property>
        <ifl:property>
            <key>httpMethod</key>
            <value>POST</value>
        </ifl:property>
        <ifl:property>
            <key>allowedResponseHeaders</key>
            <value>*</value>
        </ifl:property>
        <ifl:property>
            <key>Name</key>
            <value>HTTP</value>
        </ifl:property>
        <ifl:property>
            <key>internetProxyType</key>
            <value/>
        </ifl:property>
        <ifl:property>
            <key>TransportProtocolVersion</key>
            <value>1.5.0</value>
        </ifl:property>
        <ifl:property>
            <key>ComponentSWCVName</key>
            <value>external</value>
        </ifl:property>
        <ifl:property>
            <key>proxyPort</key>
            <value/>
        </ifl:property>
        <ifl:property>
            <key>streaming</key>
            <value>false</value>
        </ifl:property>
        <ifl:property>
            <key>enableMPLAttachments</key>
            <value>true</value>
        </ifl:property>
        <ifl:property>
            <key>httpAddressQuery</key>
            <value/>
        </ifl:property>
        <ifl:property>
            <key>httpRequestTimeout</key>
            <value>60000</value>
        </ifl:property>
        <ifl:property>
            <key>MessageProtocol</key>
            <value>None</value>
        </ifl:property>
        <ifl:property>
            <key>ComponentSWCVId</key>
            <value>1.5.0</value>
        </ifl:property>
        <ifl:property>
            <key>providerName</key>
            <value/>
        </ifl:property>
        <ifl:property>
            <key>allowedRequestHeaders</key>
            <value/>
        </ifl:property>
        <ifl:property>
            <key>direction</key>
            <value>Receiver</value>
        </ifl:property>
        <ifl:property>
            <key>ComponentType</key>
            <value>HTTP</value>
        </ifl:property>
        <ifl:property>
            <key>httpShouldSendBody</key>
            <value>false</value>
        </ifl:property>
        <ifl:property>
            <key>throwExceptionOnFailure</key>
            <value>true</value>
        </ifl:property>
        <ifl:property>
            <key>proxyType</key>
            <value>Internet</value>
        </ifl:property>
        <ifl:property>
            <key>componentVersion</key>
            <value>1.5</value>
        </ifl:property>
        <ifl:property>
            <key>retryIteration</key>
            <value>1</value>
        </ifl:property>
        <ifl:property>
            <key>proxyHost</key>
            <value/>
        </ifl:property>
        <ifl:property>
            <key>httpAddressWithoutQuery</key>
            <value>https://example.com</value>
        </ifl:property>
        <ifl:property>
            <key>providerUrl</key>
            <value>https://example.com</value>
        </ifl:property>
        <ifl:property>
            <key>retryOnConnectionFailure</key>
            <value>false</value>
        </ifl:property>
        <ifl:property>
            <key>system</key>
            <value>Receiver1</value>
        </ifl:property>
        <ifl:property>
            <key>authenticationMethod</key>
            <value>None</value>
        </ifl:property>
        <ifl:property>
            <key>locationID</key>
            <value/>
        </ifl:property>
        <ifl:property>
            <key>retryInterval</key>
            <value>5</value>
        </ifl:property>
        <ifl:property>
            <key>TransportProtocol</key>
            <value>HTTP</value>
        </ifl:property>
        <ifl:property>
            <key>cmdVariantUri</key>
            <value>ctype::AdapterVariant/cname::sap:HTTP/tp::HTTP/mp::None/direction::Receiver/version::1.5.0</value>
        </ifl:property>
        <ifl:property>
            <key>credentialName</key>
            <value/>
        </ifl:property>
        <ifl:property>
            <key>httpErrorResponseCodes</key>
            <value/>
        </ifl:property>
        <ifl:property>
            <key>MessageProtocolVersion</key>
            <value>1.5.0</value>
        </ifl:property>
        <ifl:property>
            <key>providerRelativeUrl</key>
            <value/>
        </ifl:property>
    </bpmn2:extensionElements>
</bpmn2:messageFlow>