<bpmn2:serviceTask id="ServiceTask_214d45b5" name="Request Reply 1">
    <bpmn2:extensionElements>
        <ifl:property>
            <key>activityType</key>
            <value>ExternalCall</value>
        </ifl:property>
        <ifl:property>
            <key>cmdVariantUri</key>
            <value>ctype::FlowstepVariant/cname::ExternalCall/version::1.0.4</value>
        </ifl:property>
        <ifl:property>
            <key>componentVersion</key>
            <value>1.0</value>
        </ifl:property>
    </bpmn2:extensionElements>
</bpmn2:serviceTask>