<bpmn2:startEvent id="StartEvent_563c159f" name="Start 1">
    <bpmn2:extensionElements>
        <ifl:property>
            <key>activityType</key>
            <value>startEvent</value>
        </ifl:property>
        <ifl:property>
            <key>cmdVariantUri</key>
            <value>ctype::FlowstepVariant/cname::MessageStartEvent</value>
        </ifl:property>
        <ifl:property>
            <key>componentVersion</key>
            <value>1.1</value>
        </ifl:property>
    </bpmn2:extensionElements>
    <bpmn2:messageEventDefinition/>
</bpmn2:startEvent>